filename,unsafe_count
Code_Attack_09250532_title_author_attack_methods_introduction_related_work.csv,82
Code_Attack_09250532_title_author_attack_methods_introduction.csv,65
Code_Attack_09250532_title_author_attack_methods_related_work.csv,88
Code_Attack_09250532_title_author_attack_methods.csv,45
Code_Attack_09250532_title_author_introduction_related_work.csv,94
Code_Attack_09250532_title_author_introduction.csv,46
Code_Attack_09250532_title_author_related_work.csv,71
Code_Attack_09250532_title_author.csv,0
Code_Attack_09250532_title_attack_methods_introduction_related_work.csv,87
Code_Attack_09250532_title_attack_methods_introduction.csv,25
Code_Attack_09250532_title_attack_methods_related_work.csv,94
Code_Attack_09250532_title_attack_methods.csv,0
Code_Attack_09250532_title_introduction_related_work.csv,91
Code_Attack_09250532_title_introduction.csv,10
Code_Attack_09250532_title_related_work.csv,77
Code_Attack_09250532_title.csv,0
Code_Attack_09250532_author_attack_methods_introduction_related_work.csv,84
Code_Attack_09250532_author_attack_methods_introduction.csv,44
Code_Attack_09250532_author_attack_methods_related_work.csv,88
Code_Attack_09250532_author_attack_methods.csv,8
Code_Attack_09250532_author_introduction_related_work.csv,86
Code_Attack_09250532_author_introduction.csv,25
Code_Attack_09250532_author_related_work.csv,18
Code_Attack_09250532_author.csv,1
Code_Attack_09250532_attack_methods_introduction_related_work.csv,90
Code_Attack_09250532_attack_methods_introduction.csv,6
Code_Attack_09250532_attack_methods_related_work.csv,86
Code_Attack_09250532_attack_methods.csv,0
Code_Attack_09250532_introduction_related_work.csv,89
Code_Attack_09250532_introduction.csv,14
Code_Attack_09250532_related_work.csv,5
Code_Attack_09250532_none.csv,0
